[
    {
      "id": 1,
      "name": "Alitas Picantes",
      "description": "Alitas de pollo bañadas en salsa picante.",
      "price": "$10",
      "image": "require('../assets/snack-icon.png')"
    },
    {
      "id": 2,
      "name": "Alitas BBQ",
      "description": "Alitas de pollo con salsa BBQ.",
      "price": "$12",
      "image": "require('../assets/snack-icon.png')"
    },
    {
      "id": 3,
      "name": "Nachos con Queso",
      "description": "Crujientes nachos acompañados de queso fundido.",
      "price": "$8",
      "image": "require('../assets/snack-icon.png')"
    },
    {
      "id": 4,
      "name": "Palitos de Queso",
      "description": "Palitos crujientes de queso empanizados.",
      "price": "$7",
      "image": "require('../assets/snack-icon.png')"
    },
    {
      "id": 5,
      "name": "Papas Fritas",
      "description": "Papas fritas crujientes acompañadas de salsa.",
      "price": "$6",
      "image": "require('../assets/snack-icon.png')"
    },
    {
      "id": 6,
      "name": "Aros de Cebolla",
      "description": "Aros de cebolla crujientes y dorados.",
      "price": "$7",
      "image": "require('../assets/snack-icon.png')"
    },
    {
      "id": 7,
      "name": "Mini Hamburguesas",
      "description": "Mini hamburguesas con queso y salsa especial.",
      "price": "$15",
      "image": "require('../assets/snack-icon.png')"
    },
    {
      "id": 8,
      "name": "Tacos de Camarón",
      "description": "Tacos de camarón con guacamole y salsa picante.",
      "price": "$14",
      "image": "require('../assets/snack-icon.png')"
    },
    {
      "id": 9,
      "name": "Rollitos de Primavera",
      "description": "Rollitos crujientes de vegetales con salsa agridulce.",
      "price": "$9",
      "image": "require('../assets/snack-icon.png')"
    },
    {
      "id": 10,
      "name": "Empanadas de Carne",
      "description": "Empanadas rellenas de carne y condimentos.",
      "price": "$10",
      "image": "require('../assets/snack-icon.png')"
    }
  ]
  